dia,SDDP_fila_in,SDDP_adm_in,SDDP_w_proc,SDDP_proc,SDDP_fila_out,SDDP_spill,SDDP_ocioso,SDDP_adm_out,SDDP_custo,SDDP_custo_acum,P_-10_fila_in,P_-10_adm_in,P_-10_w_proc,P_-10_proc,P_-10_fila_out,P_-10_spill,P_-10_ocioso,P_-10_adm_out,P_-10_custo,P_-10_custo_acum,P_-5_fila_in,P_-5_adm_in,P_-5_w_proc,P_-5_proc,P_-5_fila_out,P_-5_spill,P_-5_ocioso,P_-5_adm_out,P_-5_custo,P_-5_custo_acum,P_0_fila_in,P_0_adm_in,P_0_w_proc,P_0_proc,P_0_fila_out,P_0_spill,P_0_ocioso,P_0_adm_out,P_0_custo,P_0_custo_acum,P_+5_fila_in,P_+5_adm_in,P_+5_w_proc,P_+5_proc,P_+5_fila_out,P_+5_spill,P_+5_ocioso,P_+5_adm_out,P_+5_custo,P_+5_custo_acum,P_+10_fila_in,P_+10_adm_in,P_+10_w_proc,P_+10_proc,P_+10_fila_out,P_+10_spill,P_+10_ocioso,P_+10_adm_out,P_+10_custo,P_+10_custo_acum
1,1200.0,3000.0,2482.452,2482.452,1717.548,517.959,0.0,1139.4519999998136,1.2466612809e7,1.2466612809e7,1200.0,3000.0,2482.4520000000366,2482.4520000000366,1717.5479999999686,517.5480000000067,0.0,2151.4061482758375,1.2459950087999871e7,1.2459950087999871e7,1200.0,3000.0,2482.4520000000366,2482.4520000000366,1717.5479999999686,517.5480000000067,0.0,2270.928712069006,1.2459950087999871e7,1.2459950087999871e7,1200.0,3000.0,2482.4520000000366,2482.4520000000366,1717.5479999999686,517.5480000000067,0.0,2390.4512758620845,1.2459950087999871e7,1.2459950087999871e7,1200.0,3000.0,2482.4520000000366,2482.4520000000366,1717.5479999999686,517.5480000000067,0.0,2509.9738396551993,1.2459950087999871e7,1.2459950087999871e7,1200.0,3000.0,2482.4520000000366,2482.4520000000366,1717.5479999999686,517.5480000000067,0.0,2629.4964034482828,1.2459950087999871e7,1.2459950087999871e7
2,1717.548,1139.4519999998136,2472.184,2466.8329999999905,390.16699999983064,0.0,5.351000000008516,2466.8330000000437,3.1743847280001105e6,1.564099753700011e7,1717.5479999999686,2151.4061482758375,2472.183999999941,2472.183999999941,1396.7701482758803,196.77014827585862,0.0,2151.4061482758375,7.534314690544877e6,1.9994264778544746e7,1717.5479999999686,2270.928712069006,2472.183999999941,2472.183999999941,1516.292712068949,316.2927120689646,0.0,2270.928712069006,9.638628948686397e6,2.2098579036686268e7,1717.5479999999686,2390.4512758620845,2472.183999999941,2472.183999999941,1635.8152758620968,435.81527586206045,0.0,2390.4512758620845,1.174294320682733e7,2.42028932948272e7,1717.5479999999686,2509.9738396551993,2472.183999999941,2472.183999999941,1755.3378396551645,555.337839655174,0.0,2509.9738396551993,1.3847257464969156e7,2.6307207552969027e7,1717.5479999999686,2629.4964034482828,2472.183999999941,2472.183999999941,1874.8604034482937,674.8604034482697,0.0,2629.4964034482828,1.5951571723110223e7,2.8411521811110094e7
3,390.166999999832,2466.8330000000437,2484.166,2478.4389999999976,378.56099999991545,0.0,5.7270000000054395,2478.438999999962,1.3229489909998812e6,1.696394652799999e7,1396.7701482758803,2151.4061482758375,2484.166000000014,2484.166000000014,1064.0102965517376,0.0,0.0,2151.4061482758375,3.432788720534444e6,2.342705349907919e7,1516.292712068949,2270.928712069006,2484.166000000014,2484.166000000014,1303.0554241379532,103.05542413792892,0.0,2270.928712069006,5.603622130708676e6,2.7702201167394944e7,1635.8152758620968,2390.4512758620845,2484.166000000014,2484.166000000014,1542.1005517241415,342.1005517241415,0.0,2390.4512758620845,9.97898462348284e6,3.418187791831004e7,1755.3378396551645,2509.9738396551993,2484.166000000014,2484.166000000014,1781.1456793103741,581.1456793103529,0.0,2509.9738396551993,1.4354347116256742e7,4.066155466922577e7,1874.8604034482937,2629.4964034482828,2484.166000000014,2484.166000000014,2020.1908068965988,820.1908068965439,0.0,2629.4964034482828,1.8729709609031323e7,4.714123142014142e7
4,378.5609999999159,2478.438999999962,2474.954,2470.2149999999924,386.7849999998579,0.0,4.739000000007805,2470.214999999992,1.2750031370000266e6,1.8238949665000018e7,1064.0102965517376,2151.4061482758375,2474.953999999957,2474.953999999957,740.4624448275762,0.0,0.0,2151.4061482758375,2.5172394742241027e6,2.5944292973303296e7,1303.0554241379532,2270.928712069006,2474.953999999957,2474.953999999957,1099.0301362068872,0.0,0.0,2270.928712069006,3.350909356680992e6,3.1053110524075933e7,1542.1005517241415,2390.4512758620845,2474.953999999957,2474.953999999957,1457.5978275861914,257.5978275862016,0.0,2390.4512758620845,8.3604976221380085e6,4.254237554044805e7,1781.1456793103741,2509.9738396551993,2474.953999999957,2474.953999999957,1816.1655189655553,616.1655189655227,0.0,2509.9738396551993,1.5006908349544628e7,5.56684630187704e7,2020.1908068965988,2629.4964034482828,2474.953999999957,2474.953999999957,2174.7332103448025,974.7332103448066,0.0,2629.4964034482828,2.1653319076951515e7,6.879455049709293e7
5,386.7849999998589,2470.214999999992,2482.449,2476.903999999991,380.0959999998572,0.0,5.545000000009053,2476.903999999959,1.3124093799999992e6,1.9551359045000017e7,740.4624448275762,2151.4061482758375,2482.449000000019,2482.449000000019,409.4195931034488,0.0,0.0,2151.4061482758375,1.6040854429137746e6,2.7548378416217066e7,1099.0301362068872,2270.928712069006,2482.449000000019,2482.449000000019,887.5098482758383,0.0,0.0,2270.928712069006,2.7712232783533987e6,3.382433380242933e7,1457.5978275861914,2390.4512758620845,2482.449000000019,2482.449000000019,1365.60010344829,165.60010344827285,0.0,2390.4512758620845,6.622904390792924e6,4.9165279931240976e7,1816.1655189655553,2509.9738396551993,2482.449000000019,2482.449000000019,1843.6903586206565,643.6903586206834,0.0,2509.9738396551993,1.5540363352832787e7,7.120882637160318e7,2174.7332103448025,2629.4964034482828,2482.449000000019,2482.449000000019,2321.780613793071,1121.7806137930822,0.0,2629.4964034482828,2.445782231487266e7,9.32523728119656e7
6,380.09599999985767,2476.903999999959,2472.761,2468.51999999999,388.4799999997975,0.0,4.241000000009421,2468.5200000001364,1.2577199929999423e6,2.0809079037999958e7,409.4195931034488,2151.4061482758375,2472.7609999999777,2472.7609999999777,88.06474137930905,0.0,0.0,2151.4061482758375,693990.6466034559,2.8242369062820524e7,887.5098482758383,2270.928712069006,2472.7609999999777,2472.7609999999777,685.6775603448145,0.0,0.0,2270.928712069006,2.194596435025881e6,3.601893023745521e7,1365.60010344829,2390.4512758620845,2472.7609999999777,2472.7609999999777,1283.290379310337,83.2903793103455,0.0,2390.4512758620845,5.045422562448196e6,5.421070249368917e7,1843.6903586206565,2509.9738396551993,2472.7609999999777,2472.7609999999777,1880.9031982758872,680.9031982758427,0.0,2509.9738396551993,1.6233929759120844e7,8.744275613072403e7,2321.780613793071,2629.4964034482828,2472.7609999999777,2472.7609999999777,2478.5160172414003,1278.5160172413973,0.0,2629.4964034482828,2.742243695579261e7,1.206748097677582e8
7,388.47999999979834,2468.5200000001364,2486.912,2481.7969999999978,375.20299999993324,0.0,5.115000000004579,2481.7969999999555,1.2891343799998183e6,2.2098213417999778e7,88.06474137930905,2151.4061482758375,2486.9120000000103,2239.4708896551597,0.0,0.0,247.44111034483066,2151.4061482758375,1.094914121514131e7,3.9191510277961835e7,685.6775603448145,2270.928712069006,2486.9120000000103,2486.9120000000103,469.6942724137917,0.0,0.0,2270.928712069006,1.611743706698254e6,3.7630673944153465e7,1283.290379310337,2390.4512758620845,2486.9120000000103,2486.9120000000103,1186.8296551724059,0.0,0.0,2390.4512758620845,3.4458174481034297e6,5.76565199417926e7,1880.9031982758872,2509.9738396551993,2486.9120000000103,2486.9120000000103,1903.9650379310026,703.9650379310248,0.0,2509.9738396551993,1.6691868419408768e7,1.041346245501328e8,2478.5160172414003,2629.4964034482828,2486.9120000000103,2486.9120000000103,2621.1004206896732,1421.1004206896707,0.0,2629.4964034482828,3.0151423850714553e7,1.5082623361847278e8
8,375.20299999993324,2481.7969999999555,2490.252,2484.6819999999907,372.31799999985935,0.0,5.5700000000098715,2484.681999999964,1.2864960050001377e6,2.3384709422999915e7,0.0,2151.4061482758375,2490.252000000012,2151.4061482758375,0.0,0.0,338.8458517241468,2151.4061482758375,1.4825522550486034e7,5.401703282844787e7,469.6942724137917,2270.928712069006,2490.252000000012,2490.252000000012,250.370984482755,0.0,0.0,2270.928712069006,1.0044910333707033e6,3.863516497752417e7,1186.8296551724059,2390.4512758620845,2490.252000000012,2490.252000000012,1087.0289310344942,0.0,0.0,2390.4512758620845,3.1720327277585664e6,6.0828552669551164e7,1903.9650379310026,2509.9738396551993,2490.252000000012,2490.252000000012,1923.6868775861842,723.6868775861905,0.0,2509.9738396551993,1.7071262394696802e7,1.212058869448296e8,2621.1004206896732,2629.4964034482828,2490.252000000012,2490.252000000012,2760.344824137954,1560.3448241379238,0.0,2629.4964034482828,3.2801866060634598e7,1.8362809967910737e8
9,372.3179999998602,2484.681999999964,2473.738,2468.0219999999867,388.97799999980475,0.0,5.716000000012784,2468.022000000039,1.3121000680001052e6,2.469680949100002e7,0.0,2151.4061482758375,2473.737999999944,2151.4061482758375,0.0,0.0,322.33185172413255,2151.4061482758375,1.4102985508485934e7,6.81200183369338e7,250.370984482755,2270.928712069006,2473.737999999944,2473.737999999944,47.56169655172499,0.0,0.0,2270.928712069006,415616.09004310926,3.905078106756728e7,1087.0289310344942,2390.4512758620845,2473.737999999944,2473.737999999944,1003.7422068965407,0.0,0.0,2390.4512758620845,2.9166257374138418e6,6.3745178406965e7,1923.6868775861842,2509.9738396551993,2473.737999999944,2473.737999999944,1959.92271724135,759.92271724137,0.0,2509.9738396551993,1.7736742553984184e7,1.3894262949881378e8,2760.344824137954,2629.4964034482828,2473.737999999944,2473.737999999944,2916.1032275861776,1716.1032275862358,0.0,2629.4964034482828,3.573839445455531e7,2.1936649413366267e8
10,388.97799999980595,2468.022000000039,2472.145,2467.4829999999924,389.5169999998946,0.0,4.662000000006124,2467.4829999999765,1.2899770109998377e6,2.5986786501999855e7,0.0,2151.4061482758375,2472.145000000016,2151.4061482758375,0.0,0.0,320.7388517241347,2151.4061482758375,1.4033286979486356e7,8.215330531642015e7,47.56169655172499,2270.928712069006,2472.145000000016,2318.490408620745,0.0,0.0,153.65459137930904,2270.928712069006,6.789197903308793e6,4.5839978970876075e7,1003.7422068965407,2390.4512758620845,2472.145000000016,2472.145000000016,922.0484827586062,0.0,0.0,2390.4512758620845,2.686478012068936e6,6.643165641903394e7,1959.92271724135,2509.9738396551993,2472.145000000016,2472.145000000016,1997.7515568965894,797.7515568965667,0.0,2509.9738396551993,1.8453306101272557e7,1.5739593560008636e8,2916.1032275861776,2629.4964034482828,2472.145000000016,2472.145000000016,3073.4546310344363,1873.4546310345052,0.0,2629.4964034482828,3.872600623647583e7,2.580925003701385e8
11,389.5169999998949,2467.4829999999765,2466.677,2463.5539999999946,393.4459999998379,0.0,3.123000000006268,2463.554000000001,1.2288740039999206e6,2.7215660505999777e7,0.0,2151.4061482758375,2466.67699999999,2151.4061482758375,0.0,0.0,315.27085172414047,2151.4061482758375,1.3794045575486545e7,9.59473508919067e7,0.0,2270.928712069006,2466.67699999999,2270.928712069006,0.0,0.0,195.7482879310338,2270.928712069006,8.564574841846481e6,5.440455381272256e7,922.0484827586062,2390.4512758620845,2466.67699999999,2466.67699999999,845.822758620694,0.0,0.0,2390.4512758620845,2.4661803817241527e6,6.889783680075808e7,1997.7515568965894,2509.9738396551993,2466.67699999999,2466.67699999999,2041.048396551745,841.0483965517398,0.0,2509.9738396551993,1.9268361491560277e7,1.7666429709164664e8,3073.4546310344363,2629.4964034482828,2466.67699999999,2466.67699999999,3236.2740344827776,2036.2740344827166,0.0,2629.4964034482828,4.181210986139675e7,2.9990461023153526e8
12,393.44599999983893,2463.554000000001,2480.63,2474.720999999991,382.2789999998773,0.0,5.909000000008762,2474.7209999999927,1.3406728519999778e6,2.8556333357999757e7,0.0,2151.4061482758375,2480.6299999999374,2151.4061482758375,0.0,0.0,329.22385172413806,2151.4061482758375,1.440453118448636e7,1.1035188207639305e8,0.0,2270.928712069006,2480.6299999999374,2270.928712069006,0.0,0.0,209.701287931035,2270.928712069006,9.175060450846598e6,6.3579614263569154e7,845.822758620694,2390.4512758620845,2480.6299999999374,2480.6299999999374,755.6440344827689,0.0,0.0,2390.4512758620845,2.23404617637926e6,7.113188297713734e7,2041.048396551745,2509.9738396551993,2480.6299999999374,2480.6299999999374,2070.3922362069106,870.3922362069067,0.0,2509.9738396551993,1.984538822384808e7,1.9650968531549472e8,3236.2740344827776,2629.4964034482828,2480.6299999999374,2480.6299999999374,3385.1404379309643,2185.1404379310425,0.0,2629.4964034482828,4.466018482831642e7,3.445647950598517e8
13,382.2789999998779,2474.7209999999927,2478.688,2473.947999999993,383.0519999998892,0.0,4.740000000006739,2473.948000000009,1.275025964999966e6,2.983135932299972e7,0.0,2151.4061482758375,2478.688000000042,2151.4061482758375,0.0,0.0,327.2818517241393,2151.4061482758375,1.4319562858486177e7,1.2467144493487923e8,0.0,2270.928712069006,2478.688000000042,2270.928712069006,0.0,0.0,207.75928793103233,2270.928712069006,9.090092124846525e6,7.266970638841568e7,755.6440344827689,2390.4512758620845,2478.688000000042,2478.688000000042,667.407310344826,0.0,0.0,2390.4512758620845,1.9851566260344952e6,7.311703960317184e7,2070.3922362069106,2509.9738396551993,2478.688000000042,2478.688000000042,2101.678075862103,901.6780758620848,0.0,2509.9738396551993,2.0437141373136137e7,2.1694682668863085e8,3385.1404379309643,2629.4964034482828,2478.688000000042,2478.688000000042,3535.94884137936,2335.9488413792938,0.0,2629.4964034482828,4.752298621223722e7,3.9208778127208894e8
14,383.05199999988974,2473.948000000009,2477.323,2471.777999999997,385.2219999999336,0.0,5.545000000004734,2471.777999999967,1.3143526149999693e6,3.1145711937999688e7,0.0,2151.4061482758375,2477.3230000000094,2151.4061482758375,0.0,0.0,325.9168517241432,2151.4061482758375,1.4259840013486397e7,1.3893128494836563e8,0.0,2270.928712069006,2477.3230000000094,2270.928712069006,0.0,0.0,206.39428793103434,2270.928712069006,9.030369279846376e6,8.170007566826205e7,667.407310344826,2390.4512758620845,2477.3230000000094,2477.3230000000094,580.5355862068916,0.0,0.0,2390.4512758620845,1.7408803406896587e6,7.48579199438615e7,2101.678075862103,2509.9738396551993,2477.3230000000094,2477.3230000000094,2134.328915517268,934.3289155172258,0.0,2509.9738396551993,2.1055635802424144e7,2.3800246249105498e8,3535.94884137936,2629.4964034482828,2477.3230000000094,2477.3230000000094,3688.1222448275503,2488.122244827599,0.0,2629.4964034482828,5.0412528876159176e7,4.4250031014824814e8
15,385.2219999999337,2471.777999999967,2479.708,2473.2309999999893,383.7689999998785,0.0,6.4770000000092605,2473.2310000000048,1.3561306260001464e6,3.2501842563999835e7,0.0,2151.4061482758375,2479.7080000000537,2151.4061482758375,0.0,0.0,328.3018517241392,2151.4061482758375,1.4364190918486077e7,1.5329547586685172e8,0.0,2270.928712069006,2479.7080000000537,2270.928712069006,0.0,0.0,208.77928793103666,2270.928712069006,9.1347201848467e6,9.083479585310875e7,580.5355862068916,2390.4512758620845,2479.7080000000537,2479.7080000000537,491.27886206895715,0.0,0.0,2390.4512758620845,1.4951811553448061e6,7.635310109920631e7,2134.328915517268,2509.9738396551993,2479.7080000000537,2479.7080000000537,2164.5947551724435,964.5947551724043,0.0,2509.9738396551993,2.163404409671172e7,2.596365065877667e8,3688.1222448275503,2629.4964034482828,2479.7080000000537,2479.7080000000537,3837.9106482757597,2637.9106482758175,0.0,2629.4964034482828,5.3261985405080274e7,4.957622955533284e8
16,383.7689999998789,2473.2310000000048,2476.46,2471.183999999996,385.8159999999107,0.0,5.276000000005508,2471.184000000039,1.3044119029999438e6,3.3806254466999784e7,0.0,2151.4061482758375,2476.4599999999728,2151.4061482758375,0.0,0.0,325.05385172413673,2151.4061482758375,1.4222081174486164e7,1.6751755704133788e8,0.0,2270.928712069006,2476.4599999999728,2270.928712069006,0.0,0.0,205.53128793103104,2270.928712069006,8.9926104408465e6,9.982740629395525e7,491.27886206895715,2390.4512758620845,2476.4599999999728,2476.4599999999728,405.2701379310412,0.0,0.0,2390.4512758620845,1.2506858550000137e6,7.760378695420632e7,2164.5947551724435,2509.9738396551993,2476.4599999999728,2476.4599999999728,2198.108594827576,998.1085948275867,0.0,2509.9738396551993,2.2266309604000084e7,2.819028161917668e8,3837.9106482757597,2629.4964034482828,2476.4599999999728,2476.4599999999728,3990.9470517240684,2790.9470517241175,0.0,2629.4964034482828,5.616529914700096e7,5.519275947003293e8
17,385.8159999999109,2471.184000000039,2484.402,2480.069,376.9309999999881,0.0,4.333000000000887,2480.068999999961,1.2536138139998915e6,3.5059868280999675e7,0.0,2151.4061482758375,2484.4019999999655,2151.4061482758375,0.0,0.0,332.99585172413606,2151.4061482758375,1.4569567500486346e7,1.8208712454182422e8,0.0,2270.928712069006,2484.4019999999655,2270.928712069006,0.0,0.0,213.47328793103267,2270.928712069006,9.340096766846567e6,1.0916750306080182e8,405.2701379310412,2390.4512758620845,2484.4019999999655,2484.4019999999655,311.3194137930998,0.0,0.0,2390.4512758620845,999642.424655191,7.860342937886152e7,2198.108594827576,2509.9738396551993,2484.4019999999655,2484.4019999999655,2223.6804344828024,1023.6804344827543,0.0,2509.9738396551993,2.2763279219287876e7,3.046660954110547e8,3990.9470517240684,2629.4964034482828,2484.4019999999655,2484.4019999999655,4136.041455172461,2936.041455172457,0.0,2629.4964034482828,5.893331699691982e7,6.108609116972492e8
18,376.9309999999881,2480.068999999961,2491.981,2487.060999999998,369.93899999991345,0.0,4.9200000000050625,2487.061000000008,1.257148410000079e6,3.631701669099975e7,0.0,2151.4061482758375,2491.980999999995,2151.4061482758375,0.0,0.0,340.5748517241431,2151.4061482758375,1.4901171487485997e7,1.9698829602931023e8,0.0,2270.928712069006,2491.980999999995,2270.928712069006,0.0,0.0,221.0522879310318,2270.928712069006,9.671700753846476e6,1.188392038146483e8,311.3194137930998,2390.4512758620845,2491.980999999995,2491.980999999995,209.78968965517436,0.0,0.0,2390.4512758620845,726947.1993103379,7.933037657817185e7,2223.6804344828024,2509.9738396551993,2491.980999999995,2491.980999999995,2241.673274137967,1041.6732741379171,0.0,2509.9738396551993,2.3115733870575305e7,3.2778182928163e8,4136.041455172461,2629.4964034482828,2491.980999999995,2491.980999999995,4273.55685862063,3073.5568586206386,0.0,2629.4964034482828,6.15568198828425e7,6.724177315800917e8
19,369.9389999999139,2487.061000000008,2477.345,2470.407999999999,386.59199999994826,0.0,6.937000000003516,2470.407999999996,1.3588753059999486e6,3.7675891996999696e7,0.0,2151.4061482758375,2477.3450000000107,2151.4061482758375,0.0,0.0,325.9388517241415,2151.4061482758375,1.4260802579486387e7,2.1124909860879663e8,0.0,2270.928712069006,2477.3450000000107,2270.928712069006,0.0,0.0,206.4162879310321,2270.928712069006,9.03133184584639e6,1.2787053566049469e8,209.78968965517436,2390.4512758620845,2477.3450000000107,2477.3450000000107,122.89596551723955,0.0,0.0,2390.4512758620845,464096.4889655116,7.979447306713736e7,2241.673274137967,2509.9738396551993,2477.3450000000107,2477.3450000000107,2274.302113793111,1074.3021137930937,0.0,2509.9738396551993,2.371529723286411e7,3.514971265144941e8,4273.55685862063,2629.4964034482828,2477.3450000000107,2477.3450000000107,4425.708262069046,3225.7082620690085,0.0,2629.4964034482828,6.442743147976112e7,7.368451630598528e8
20,386.59199999994837,2470.407999999996,2479.019,2473.6309999999985,383.3689999999373,0.0,5.388000000003449,2473.6309999999917,1.3098367589999812e6,3.8985728755999684e7,0.0,2151.4061482758375,2479.0190000000057,2151.4061482758375,0.0,0.0,327.6128517241435,2151.4061482758375,1.4334045101486204e7,2.2558314371028283e8,0.0,2270.928712069006,2479.0190000000057,2270.928712069006,0.0,0.0,208.09028793103118,2270.928712069006,9.104574367846547e6,1.3697511002834123e8,122.89596551723955,2390.4512758620845,2479.0190000000057,2479.0190000000057,34.328241379309695,0.0,0.0,2390.4512758620845,219327.7686206911,8.001380083575805e7,2274.302113793111,2509.9738396551993,2479.0190000000057,2479.0190000000057,2305.256953448268,1105.2569534482882,0.0,2509.9738396551993,2.4305805371151287e7,3.758029318856454e8,4425.708262069046,2629.4964034482828,2479.0190000000057,2479.0190000000057,4576.185665517195,3376.1856655172232,0.0,2629.4964034482828,6.728898785268363e7,8.041341509125365e8
21,383.3689999999377,2473.6309999999917,2475.12,2469.8019999999974,387.1979999999054,0.0,5.318000000006139,2469.802000000001,1.3076194190000456e6,4.029334817499973e7,0.0,2151.4061482758375,2475.120000000062,2151.4061482758375,0.0,0.0,323.7138517241343,2151.4061482758375,1.4163452154486137e7,2.3974659586476898e8,0.0,2270.928712069006,2475.120000000062,2270.928712069006,0.0,0.0,204.19128793103286,2270.928712069006,8.933981420846721e6,1.4590909144918796e8,34.328241379309695,2390.4512758620845,2475.120000000062,2424.7795172413353,0.0,0.0,50.34048275862021,2390.4512758620845,2.2504350388620542e6,8.22642358746201e7,2305.256953448268,2509.9738396551993,2475.120000000062,2475.120000000062,2340.110793103461,1140.1107931034587,0.0,2509.9738396551993,2.4962624073440224e7,4.0076555595908564e8,4576.185665517195,2629.4964034482828,2475.120000000062,2475.120000000062,4730.562068965596,3530.562068965614,0.0,2629.4964034482828,7.021685478960393e7,8.743510057021405e8
22,387.1979999999061,2469.802000000001,2475.212,2469.039999999998,387.95999999993336,0.0,6.1720000000045,2469.039999999998,1.3513889259999753e6,4.16447371009997e7,0.0,2151.4061482758375,2475.21200000001,2151.4061482758375,0.0,0.0,323.8058517241373,2151.4061482758375,1.4167477430486534e7,2.539140732952555e8,0.0,2270.928712069006,2475.21200000001,2270.928712069006,0.0,0.0,204.2832879310317,2270.928712069006,8.938006696846707e6,1.5484709814603466e8,0.0,2390.4512758620845,2475.21200000001,2390.4512758620845,0.0,0.0,84.76072413793017,2390.4512758620845,3.708535963206872e6,8.597277183782697e7,2340.110793103461,2509.9738396551993,2475.21200000001,2475.21200000001,2374.8726327586523,1174.8726327586123,0.0,2509.9738396551993,2.5623262128727216e7,4.2638881808781284e8,4730.562068965596,2629.4964034482828,2475.21200000001,2475.21200000001,4884.8464724138175,3684.8464724137525,0.0,2629.4964034482828,7.314854107952332e7,9.474995467816638e8
23,387.95999999993376,2469.039999999998,2479.049,2473.9699999999975,383.0299999999412,0.0,5.079000000004257,2473.9700000000007,1.297752536999983e6,4.294248963799968e7,0.0,2151.4061482758375,2479.049000000066,2151.4061482758375,0.0,0.0,327.6428517241367,2151.4061482758375,1.433535769148633e7,2.6824943098674184e8,0.0,2270.928712069006,2479.049000000066,2270.928712069006,0.0,0.0,208.12028793103133,2270.928712069006,9.105886957846574e6,1.6395298510388124e8,0.0,2390.4512758620845,2479.049000000066,2390.4512758620845,0.0,0.0,88.59772413792994,2390.4512758620845,3.8764162242069184e6,8.984918806203389e7,2374.8726327586523,2509.9738396551993,2479.049000000066,2479.049000000066,2405.797472413793,1205.7974724137846,0.0,2509.9738396551993,2.6216217622015893e7,4.5260503570982873e8,4884.8464724138175,2629.4964034482828,2479.049000000066,2479.049000000066,5035.293875861991,3835.293875862015,0.0,2629.4964034482828,7.601254480744408e7,1.0235120915891079e9
24,383.0299999999414,2473.9700000000007,2480.12,2475.5639999999994,381.4359999999473,0.0,4.556000000002515,2475.564,1.2657687379999575e6,4.4208258375999644e7,0.0,2151.4061482758375,2480.1200000000626,2151.4061482758375,0.0,0.0,328.7138517241339,2151.4061482758375,1.438221715448613e7,2.8263164814122796e8,0.0,2270.928712069006,2480.1200000000626,2270.928712069006,0.0,0.0,209.19128793103272,2270.928712069006,9.152746420846725e6,1.7310573152472797e8,0.0,2390.4512758620845,2480.1200000000626,2390.4512758620845,0.0,0.0,89.66872413793018,2390.4512758620845,3.9232756872068453e6,9.377246374924074e7,2405.797472413793,2509.9738396551993,2480.1200000000626,2480.1200000000626,2435.6513120689974,1235.6513120689606,0.0,2509.9738396551993,2.6784964474303912e7,4.7939000018413264e8,5035.293875861991,2629.4964034482828,2480.1200000000626,2480.1200000000626,5184.670279310371,3984.6702793104337,0.0,2629.4964034482828,7.885233989436467e7,1.1023644314834726e9
25,381.43599999994757,2475.564,2485.554,2480.620999999999,376.3789999999499,0.0,4.933000000002423,2480.621000000001,1.2729854739999697e6,4.548124384999961e7,0.0,2151.4061482758375,2485.5540000000033,2151.4061482758375,0.0,0.0,334.14785172413764,2151.4061482758375,1.4619970956485888e7,2.972516190977138e8,0.0,2270.928712069006,2485.5540000000033,2270.928712069006,0.0,0.0,214.62528793103414,2270.928712069006,9.390500222846769e6,1.8249623174757475e8,0.0,2390.4512758620845,2485.5540000000033,2390.4512758620845,0.0,0.0,95.10272413793304,2390.4512758620845,4.1610294892068217e6,9.793349323844756e7,2435.6513120689974,2509.9738396551993,2485.5540000000033,2485.5540000000033,2460.071151724098,1260.071151724109,0.0,2509.9738396551993,2.7256546277591646e7,5.066465464617243e8,5184.670279310371,2629.4964034482828,2485.5540000000033,2485.5540000000033,5328.61268275874,4128.612682758714,0.0,2629.4964034482828,8.159496993228641e7,1.183959401415759e9
26,376.3789999999501,2480.621000000001,2476.027,2470.9229999999993,386.07699999996413,0.0,5.104000000001681,2470.922999999999,1.2869414319999805e6,4.676818528199959e7,0.0,2151.4061482758375,2476.026999999966,2151.4061482758375,0.0,0.0,324.62085172413657,2151.4061482758375,1.4203136125486344e7,3.1145475522320014e8,0.0,2270.928712069006,2476.026999999966,2270.928712069006,0.0,0.0,205.0982879310327,2270.928712069006,8.9736653918466e6,1.9146989713942134e8,0.0,2390.4512758620845,2476.026999999966,2390.4512758620845,0.0,0.0,85.57572413793207,2390.4512758620845,3.7441946582069327e6,1.016776878966545e8,2460.071151724098,2509.9738396551993,2476.026999999966,2476.026999999966,2494.0179913793563,1294.0179913793454,0.0,2509.9738396551993,2.7888280012878712e7,5.34534826474603e8,5328.61268275874,2629.4964034482828,2476.026999999966,2476.026999999966,5482.08208620699,4282.08208620689,0.0,2629.4964034482828,8.44977519022065e7,1.2684571533179655e9
27,386.07699999996447,2470.922999999999,2474.519,2469.4269999999997,387.5729999999622,0.0,5.09200000000178,2469.4270000000015,1.3020320259999926e6,4.807021730799958e7,0.0,2151.4061482758375,2474.5190000000057,2151.4061482758375,0.0,0.0,323.11285172414347,2151.4061482758375,1.4137156601486204e7,3.2559191182468635e8,0.0,2270.928712069006,2474.5190000000057,2270.928712069006,0.0,0.0,203.59028793103118,2270.928712069006,8.907685867846526e6,2.0037758300726786e8,0.0,2390.4512758620845,2474.5190000000057,2390.4512758620845,0.0,0.0,84.06772413793078,2390.4512758620845,3.678215134206807e6,1.053559030308613e8,2494.0179913793563,2509.9738396551993,2474.5190000000057,2474.5190000000057,2529.472831034528,1329.4728310344929,0.0,2509.9738396551993,2.855985376116671e7,5.630946802357696e8,5482.08208620699,2629.4964034482828,2474.5190000000057,2474.5190000000057,5637.059489655242,4437.059489655225,0.0,2629.4964034482828,8.744037388512732e7,1.3558975272030928e9
28,387.5729999999624,2469.4270000000015,2479.628,2473.469,383.5309999999844,0.0,6.159000000001331,2473.469000000001,1.3451648069999875e6,4.941538211499957e7,0.0,2151.4061482758375,2479.628000000023,2151.4061482758375,0.0,0.0,328.22185172414135,2151.4061482758375,1.4360690678485986e7,3.3995260250317234e8,0.0,2270.928712069006,2479.628000000023,2270.928712069006,0.0,0.0,208.69928793102966,2270.928712069006,9.131219944846423e6,2.0950880295211428e8,0.0,2390.4512758620845,2479.628000000023,2390.4512758620845,0.0,0.0,89.17672413792886,2390.4512758620845,3.9017492112069125e6,1.0925765224206822e8,2529.472831034528,2509.9738396551993,2479.628000000023,2479.628000000023,2559.81867068963,1359.8186706896618,0.0,2509.9738396551993,2.914358211545556e7,5.922382623512251e8,5637.059489655242,2629.4964034482828,2479.628000000023,2479.628000000023,5786.927893103417,4586.9278931035,0.0,2629.4964034482828,9.029515047404623e7,1.446192677677139e9
29,383.5309999999844,2473.469000000001,2475.655,2469.791,387.20899999999654,0.0,5.864000000000513,2537.7909999999997,1.3317498920000037e6,5.0747132006999575e7,0.0,2151.4061482758375,2475.6549999999893,2151.4061482758375,0.0,0.0,324.2488517241422,2151.4061482758375,1.4186860009486577e7,3.541394625126589e8,0.0,2270.928712069006,2475.6549999999893,2270.928712069006,0.0,0.0,204.7262879310314,2270.928712069006,8.957389275846492e6,2.1846619222796077e8,0.0,2390.4512758620845,2475.6549999999893,2390.4512758620845,0.0,0.0,85.20372413792974,2390.4512758620845,3.727918542206869e6,1.1298557078427508e8,2559.81867068963,2509.9738396551993,2475.6549999999893,2475.6549999999893,2594.137510344849,1394.1375103448463,0.0,2509.9738396551993,2.9790132052742843e7,6.22028394403968e8,5786.927893103417,2629.4964034482828,2475.6549999999893,2475.6549999999893,5940.769296551788,4740.769296551721,0.0,2629.4964034482828,9.321274864596696e7,1.539405426323106e9
30,387.2089999999966,2537.7909999999997,2485.407,2481.619,443.3809999999947,0.0,3.7880000000006513,0.0,1.324409414000014e6,5.207154142099959e7,0.0,2151.4061482758375,2485.406999999975,2151.4061482758375,0.0,0.0,334.0008517241394,2151.4061482758375,1.4613539265485903e7,3.687530017781448e8,0.0,2270.928712069006,2485.406999999975,2270.928712069006,0.0,0.0,214.47828793103648,2270.928712069006,9.384068531846784e6,2.2785026075980756e8,0.0,2390.4512758620845,2485.406999999975,2390.4512758620845,0.0,0.0,94.95572413793234,2390.4512758620845,4.154597798206835e6,1.1714016858248192e8,2594.137510344849,2509.9738396551993,2485.406999999975,2485.406999999975,2618.7043499999672,1418.7043500000132,0.0,2509.9738396551993,3.0270530613030504e7,6.522989250169985e8,5940.769296551788,2629.4964034482828,2485.406999999975,2485.406999999975,6084.858699999992,4884.858700000051,0.0,2629.4964034482828,9.596419544088851e7,1.6353696217639945e9
